0, 
0, 
0, 
0, 
0, 
0, 
0, 
0, 
0, 
0, 
0, 
0, 
0, 
0, 
0, 
0, 
0, 
0, 
0, 
0, 
0, 
0, 
0, 
0, 
0, 
0, 
0, 
0, 
0, 
0, 
0, 
0, 
0, 
0, 
1, 
0, 
0, 
0, 
1, 
0, 
0, 
0, 
1, 
1, 
0, 
1, 
1, 
1, 
0, 
1, 
1, 
1, 
1, 
1, 
1, 
1, 
1, 
1, 
0, 
0, 
0, 
1, 
1, 
0, 
0, 
1, 
1, 
1, 
1, 
1, 
1, 
0, 
1, 
1, 
0, 
1, 
0, 
1, 
1, 
1, 
0, 
0, 
1, 
1, 
1, 
0, 
2, 
0, 
2, 
3, 
3, 
0, 
1, 
3, 
2, 
2, 
2, 
5, 
5, 
7, 
7, 
9, 
8, 
9, 
10, 
10, 
10, 
12, 
9, 
8, 
7, 
7, 
7, 
6, 
3, 
4, 
3, 
3, 
3, 
2, 
2, 
3, 
2, 
3, 
2, 
2, 
3, 
1, 
1, 
2, 
3, 
4, 
6, 
4, 
2, 
5, 
5, 
9, 
4, 
5, 
4, 
7, 
4, 
12, 
5, 
13, 
18, 
17, 
30, 
37, 
38, 
47, 
47, 
48, 
54, 
58, 
57, 
55, 
47, 
44, 
37, 
29, 
22, 
15, 
10, 
7, 
3, 
2, 
2, 
3, 
5, 
2, 
1, 
5, 
3, 
5, 
3, 
4, 
3, 
4, 
3, 
5, 
2, 
5, 
8, 
8, 
4, 
5, 
13, 
13, 
13, 
12, 
19, 
23, 
26, 
28, 
32, 
37, 
39, 
41, 
35, 
40, 
38, 
37, 
30, 
33, 
25, 
28, 
24, 
26, 
24, 
26, 
25, 
24, 
20, 
23, 
16, 
14, 
13, 
15, 
14, 
15, 
9, 
16, 
8, 
4, 
12, 
12, 
9, 
9, 
5, 
11, 
11, 
10, 
17, 
10, 
17, 
18, 
18, 
22, 
18, 
21, 
18, 
17, 
17, 
22, 
24, 
27, 
25, 
35, 
24, 
29, 
30, 
41, 
33, 
37, 
28, 
25, 
23, 
33, 
24, 
26, 
16, 
10, 
14, 
15, 
13, 
15, 
14, 
16, 
22, 
8, 
11, 
11, 
11, 
15, 
12, 
21, 
14, 
15, 
15, 
12, 
16, 
18, 
30, 
16, 
19, 
21, 
22, 
22, 
21, 
15, 
16, 
24, 
15, 
15, 
16, 
19, 
16, 
28, 
17, 
19, 
22, 
24, 
19, 
24, 
23, 
25, 
35, 
23, 
28, 
23, 
32, 
15, 
24, 
23, 
31, 
20, 
29, 
21, 
26, 
17, 
24, 
17, 
32, 
26, 
17, 
30, 
27, 
27, 
31, 
23, 
25, 
26, 
29, 
21, 
23, 
22, 
29, 
26, 
21, 
24, 
23, 
16, 
24, 
19, 
25, 
16, 
18, 
27, 
28, 
28, 
21, 
19, 
27, 
20, 
40, 
23, 
34, 
38, 
33, 
34, 
30, 
28, 
34, 
34, 
32, 
22, 
31, 
30, 
34, 
39, 
29, 
34, 
39, 
30, 
28, 
37, 
30, 
44, 
39, 
28, 
46, 
37, 
32, 
32, 
45, 
27, 
27, 
20, 
39, 
35, 
39, 
49, 
34, 
34, 
37, 
49, 
43, 
51, 
42, 
47, 
54, 
50, 
60, 
48, 
51, 
44, 
57, 
48, 
58, 
60, 
61, 
44, 
58, 
54, 
71, 
53, 
60, 
52, 
60, 
49, 
76, 
56, 
62, 
61, 
68, 
74, 
63, 
60, 
67, 
69, 
58, 
55, 
76, 
56, 
61, 
69, 
63, 
66, 
64, 
65, 
63, 
61, 
78, 
59, 
64, 
63, 
60, 
61, 
65, 
65, 
53, 
60, 
73, 
64, 
69, 
57, 
72, 
61, 
62, 
73, 
58, 
51, 
59, 
59, 
58, 
48, 
74, 
64, 
84, 
87, 
72, 
65, 
73, 
73, 
85, 
81, 
79, 
78, 
77, 
75, 
67, 
83, 
92, 
81, 
71, 
70, 
81, 
75, 
84, 
75, 
68, 
69, 
78, 
73, 
58, 
62, 
82, 
72, 
74, 
55, 
55, 
80, 
56, 
75, 
55, 
55, 
53, 
72, 
60, 
64, 
64, 
69, 
66, 
67, 
70, 
80, 
78, 
69, 
70, 
58, 
84, 
58, 
74, 
77, 
76, 
97, 
74, 
96, 
85, 
80, 
105, 
86, 
103, 
106, 
96, 
108, 
79, 
81, 
102, 
95, 
85, 
99, 
75, 
87, 
73, 
83, 
90, 
79, 
72, 
59, 
84, 
78, 
91, 
96, 
75, 
79, 
77, 
83, 
69, 
82, 
74, 
62, 
81, 
72, 
64, 
60, 
66, 
88, 
74, 
78, 
68, 
74, 
76, 
101, 
96, 
72, 
89, 
94, 
85, 
95, 
90, 
90, 
103, 
88, 
95, 
105, 
93, 
110, 
92, 
101, 
83, 
81, 
83, 
88, 
102, 
80, 
112, 
99, 
87, 
93, 
88, 
81, 
79, 
93, 
75, 
81, 
81, 
85, 
72, 
71, 
84, 
84, 
80, 
92, 
83, 
111, 
80, 
79, 
73, 
74, 
88, 
101, 
79, 
100, 
95, 
100, 
93, 
92, 
110, 
93, 
112, 
113, 
96, 
117, 
92, 
112, 
118, 
114, 
105, 
119, 
118, 
107, 
107, 
91, 
96, 
126, 
110, 
124, 
116, 
115, 
89, 
116, 
93, 
114, 
97, 
122, 
102, 
114, 
106, 
113, 
93, 
102, 
88, 
97, 
88, 
105, 
102, 
78, 
84, 
94, 
97, 
98, 
94, 
77, 
102, 
82, 
93, 
94, 
88, 
88, 
90, 
88, 
113, 
86, 
104, 
105, 
93, 
92, 
91, 
108, 
90, 
122, 
99, 
118, 
83, 
109, 
89, 
122, 
99, 
101, 
90, 
96, 
98, 
95, 
102, 
102, 
104, 
91, 
94, 
97, 
104, 
106, 
110, 
80, 
107, 
87, 
94, 
90, 
76, 
65, 
84, 
88, 
72, 
87, 
105, 
95, 
94, 
110, 
118, 
120, 
98, 
114, 
97, 
119, 
99, 
107, 
103, 
97, 
110, 
120, 
128, 
124, 
134, 
133, 
123, 
124, 
130, 
128, 
135, 
142, 
125, 
129, 
141, 
134, 
120, 
126, 
131, 
143, 
125, 
100, 
134, 
122, 
125, 
119, 
89, 
104, 
130, 
99, 
113, 
121, 
111, 
97, 
100, 
120, 
96, 
108, 
97, 
96, 
95, 
89, 
95, 
80, 
88, 
86, 
112, 
85, 
114, 
97, 
93, 
86, 
93, 
100, 
105, 
114, 
92, 
121, 
103, 
111, 
110, 
119, 
109, 
119, 
103, 
105, 
104, 
119, 
108, 
115, 
94, 
96, 
89, 
88, 
94, 
93, 
97, 
85, 
109, 
83, 
74, 
97, 
103, 
93, 
81, 
84, 
95, 
85, 
92, 
87, 
79, 
99, 
102, 
87, 
96, 
92, 
79, 
106, 
90, 
111, 
95, 
110, 
109, 
115, 
92, 
87, 
84, 
103, 
100, 
127, 
105, 
111, 
123, 
125, 
121, 
114, 
132, 
102, 
114, 
112, 
130, 
134, 
111, 
116, 
109, 
103, 
117, 
115, 
117, 
119, 
124, 
106, 
123, 
112, 
91, 
106, 
114, 
103, 
91, 
101, 
86, 
112, 
90, 
95, 
115, 
113, 
98, 
99, 
84, 
87, 
90, 
83, 
97, 
97, 
97, 
88, 
88, 
97, 
88, 
88, 
99, 
83, 
94, 
92, 
95, 
101, 
98, 
90, 
95, 
101, 
101, 
91, 
88, 
93, 
95, 
84, 
96, 
81, 
87, 
98, 
79, 
88, 
82, 
87, 
76, 
88, 
64, 
89, 
86, 
84, 
86, 
70, 
85, 
69, 
79, 
92, 
66, 
65, 
77, 
92, 
65, 
81, 
76, 
96, 
74, 
86, 
74, 
78, 
81, 
78, 
69, 
84, 
87, 
82, 
88, 
84, 
97, 
100, 
95, 
115, 
99, 
85, 
92, 
99, 
108, 
99, 
106, 
97, 
102, 
90, 
83, 
104, 
90, 
107, 
104, 
86, 
85, 
100, 
93, 
106, 
68, 
91, 
86, 
92, 
94, 
94, 
86, 
83, 
77, 
88, 
71, 
81, 
70, 
75, 
61, 
68, 
72, 
81, 
84, 
73, 
93, 
90, 
70, 
79, 
88, 
84, 
81, 
79, 
76, 
68, 
77, 
61, 
75, 
88, 
65, 
76, 
61, 
80, 
89, 
76, 
56, 
67, 
70, 
65, 
67, 
71, 
76, 
76, 
85, 
72, 
79, 
67, 
74, 
63, 
45, 
57, 
54, 
64, 
61, 
53, 
49, 
54, 
62, 
64, 
48, 
64, 
45, 
63, 
59, 
72, 
63, 
64, 
62, 
82, 
50, 
59, 
68, 
67, 
60, 
63, 
70, 
72, 
68, 
50, 
76, 
64, 
55, 
56, 
79, 
72, 
61, 
74, 
66, 
68, 
80, 
56, 
76, 
62, 
63, 
69, 
69, 
65, 
72, 
73, 
79, 
69, 
67, 
76, 
82, 
76, 
70, 
61, 
70, 
76, 
70, 
64, 
71, 
57, 
65, 
52, 
54, 
71, 
66, 
56, 
62, 
59, 
48, 
44, 
49, 
46, 
52, 
55, 
66, 
60, 
57, 
40, 
48, 
49, 
58, 
42, 
54, 
50, 
69, 
71, 
53, 
56, 
69, 
62, 
65, 
56, 
52, 
59, 
54, 
66, 
56, 
58, 
58, 
59, 
54, 
50, 
53, 
47, 
47, 
41, 
40, 
55, 
55, 
54, 
46, 
31, 
38, 
55, 
64, 
45, 
46, 
56, 
52, 
55, 
51, 
40, 
42, 
35, 
44, 
34, 
44, 
43, 
50, 
49, 
43, 
48, 
43, 
39, 
48, 
50, 
57, 
54, 
39, 
45, 
43, 
55, 
45, 
44, 
44, 
53, 
51, 
42, 
55, 
48, 
42, 
49, 
51, 
49, 
43, 
51, 
43, 
37, 
47, 
60, 
48, 
63, 
47, 
48, 
50, 
44, 
37, 
42, 
46, 
50, 
45, 
37, 
49, 
43, 
41, 
33, 
35, 
43, 
39, 
49, 
41, 
39, 
31, 
42, 
34, 
37, 
36, 
47, 
40, 
48, 
34, 
43, 
40, 
47, 
37, 
29, 
30, 
37, 
26, 
44, 
43, 
33, 
37, 
37, 
33, 
47, 
38, 
39, 
42, 
34, 
47, 
26, 
47, 
20, 
38, 
29, 
32, 
26, 
37, 
34, 
26, 
28, 
29, 
28, 
30, 
31, 
32, 
32, 
26, 
35, 
31, 
32, 
35, 
37, 
42, 
42, 
34, 
31, 
34, 
30, 
29, 
32, 
20, 
35, 
36, 
29, 
38, 
35, 
33, 
31, 
29, 
32, 
22, 
40, 
26, 
33, 
41, 
24, 
28, 
28, 
35, 
30, 
22, 
30, 
31, 
30, 
34, 
25, 
33, 
35, 
33, 
27, 
23, 
23, 
24, 
20, 
35, 
27, 
34, 
31, 
27, 
36, 
29, 
23, 
25, 
25, 
21, 
22, 
20, 
32, 
23, 
27, 
26, 
29, 
30, 
31, 
26, 
22, 
20, 
28, 
22, 
22, 
37, 
28, 
23, 
25, 
22, 
18, 
29, 
16, 
20, 
26, 
19, 
32, 
26, 
29, 
26, 
18, 
24, 
14, 
22, 
26, 
17, 
23, 
16, 
18, 
13, 
11, 
15, 
23, 
15, 
25, 
13, 
19, 
15, 
16, 
18, 
16, 
23, 
24, 
19, 
12, 
21, 
22, 
14, 
15, 
26, 
21, 
14, 
22, 
23, 
17, 
21, 
18, 
14, 
22, 
17, 
24, 
23, 
20, 
22, 
23, 
26, 
17, 
13, 
19, 
19, 
19, 
24, 
14, 
25, 
16, 
15, 
17, 
26, 
22, 
11, 
19, 
18, 
16, 
10, 
12, 
17, 
9, 
12, 
16, 
15, 
19, 
7, 
20, 
21, 
18, 
20, 
26, 
16, 
23, 
7, 
12, 
17, 
14, 
8, 
27, 
25, 
20, 
22, 
11, 
18, 
16, 
15, 
16, 
13, 
18, 
16, 
16, 
17, 
14, 
15, 
13, 
19, 
18, 
16, 
19, 
8, 
13, 
13, 
13, 
19, 
16, 
12, 
11, 
17, 
14, 
10, 
19, 
15, 
7, 
12, 
13, 
9, 
10, 
6, 
6, 
5, 
9, 
11, 
9, 
8, 
11, 
10, 
9, 
19, 
15, 
10, 
9, 
15, 
13, 
5, 
17, 
11, 
10, 
13, 
13, 
14, 
11, 
7, 
15, 
12, 
7, 
9, 
11, 
15, 
16, 
16, 
9, 
12, 
11, 
8, 
5, 
5, 
8, 
10, 
15, 
9, 
6, 
5, 
12, 
8, 
10, 
7, 
14, 
13, 
9, 
9, 
12, 
9, 
12, 
6, 
10, 
14, 
12, 
3, 
14, 
5, 
9, 
7, 
18, 
11, 
3, 
9, 
10, 
7, 
8, 
10, 
5, 
11, 
9, 
11, 
10, 
8, 
5, 
9, 
9, 
5, 
8, 
9, 
11, 
9, 
7, 
11, 
8, 
6, 
10, 
7, 
5, 
9, 
7, 
12, 
4, 
3, 
8, 
8, 
5, 
10, 
6, 
12, 
7, 
4, 
6, 
7, 
6, 
1, 
6, 
4, 
4, 
6, 
4, 
7, 
11, 
6, 
9, 
8, 
8, 
2, 
6, 
10, 
8, 
9, 
8, 
6, 
8, 
7, 
7, 
9, 
1, 
4, 
9, 
3, 
7, 
4, 
5, 
6, 
4, 
3, 
7, 
3, 
3, 
6, 
6, 
3, 
8, 
6, 
6, 
3, 
7, 
1, 
7, 
11, 
3, 
5, 
6, 
4, 
4, 
4, 
2, 
5, 
6, 
3, 
3, 
5, 
12, 
4, 
3, 
7, 
9, 
8, 
4, 
7, 
1, 
2, 
3, 
3, 
2, 
4, 
7, 
5, 
6, 
10, 
5, 
4, 
5, 
11, 
4, 
4, 
5, 
5, 
12, 
5, 
3, 
3, 
1, 
9, 
3, 
3, 
7, 
5, 
4, 
5, 
5, 
6, 
4, 
2, 
6, 
0, 
3, 
9, 
4, 
4, 
2, 
3, 
8, 
8, 
3, 
5, 
1, 
5, 
5, 
3, 
4, 
5, 
1, 
5, 
3, 
3, 
3, 
5, 
2, 
3, 
1, 
3, 
3, 
4, 
4, 
7, 
4, 
2, 
4, 
2, 
5, 
0, 
3, 
1, 
5, 
3, 
5, 
2, 
2, 
6, 
2, 
6, 
4, 
4, 
5, 
7, 
2, 
2, 
5, 
3, 
0, 
2, 
2, 
4, 
1, 
5, 
2, 
4, 
7, 
4, 
2, 
0, 
3, 
3, 
4, 
2, 
3, 
4, 
3, 
2, 
6, 
2, 
1, 
1, 
1, 
2, 
3, 
4, 
3, 
3, 
2, 
1, 
2, 
2, 
2, 
5, 
0, 
3, 
2, 
5, 
3, 
6, 
1, 
2, 
0, 
2, 
3, 
4, 
0, 
3, 
0, 
1, 
4, 
5, 
3, 
1, 
2, 
4, 
4, 
2, 
1, 
2, 
3, 
2, 
5, 
2, 
3, 
5, 
1, 
3, 
2, 
1, 
3, 
7, 
1, 
2, 
1, 
3, 
3, 
4, 
2, 
2, 
3, 
1, 
3, 
4, 
3, 
5, 
1, 
2, 
1, 
1, 
4, 
3, 
1, 
4, 
1, 
1, 
3, 
1, 
3, 
0, 
1, 
0, 
3, 
5, 
1, 
4, 
0, 
0, 
4, 
0, 
0, 
2, 
2, 
2, 
1, 
2, 
0, 
3, 
2, 
1, 
1, 
1, 
2, 
1, 
1, 
1, 
2, 
3, 
2, 
2, 
2, 
2, 
3, 
2, 
1, 
3, 
1, 
2, 
4, 
3, 
1, 
0, 
1, 
2, 
1, 
1, 
3, 
8, 
0, 
3, 
0, 
2, 
1, 
3, 
2, 
0, 
0, 
1, 
0, 
2, 
3, 
2, 
2, 
2, 
1, 
1, 
0, 
2, 
2, 
1, 
2, 
3, 
4, 
4, 
2, 
2, 
4, 
0, 
0, 
1, 
0, 
1, 
0, 
1, 
1, 
4, 
2, 
1, 
1, 
2, 
1, 
3, 
1, 
1, 
2, 
2, 
0, 
0, 
1, 
1, 
3, 
2, 
1, 
2, 
2, 
0, 
0, 
0, 
2, 
1, 
1, 
1, 
1, 
3, 
0, 
1, 
0, 
1, 
2, 
2, 
3, 
2, 
2, 
1, 
0, 
2, 
1, 
1, 
3, 
2, 
1, 
0, 
3, 
1, 
1, 
1, 
1, 
1, 
2, 
3, 
3, 
1, 
3, 
2, 
1, 
0, 
0, 
0, 
2, 
1, 
2, 
0, 
3, 
2, 
2, 
2, 
2, 
1, 
2, 
0, 
1, 
1, 
0, 
0, 
1, 
1, 
1, 
1, 
3, 
2, 
1, 
0, 
3, 
1, 
0, 
1, 
0, 
0, 
2, 
1, 
1, 
0, 
1, 
1, 
0, 
1, 
0, 
1, 
2, 
2, 
3, 
3, 
2, 
0, 
0, 
2, 
1, 
1, 
1, 
0, 
3, 
2, 
0, 
2, 
1, 
1, 
3, 
1, 
2, 
0, 
1, 
1, 
1, 
2, 
1, 
1, 
3, 
0, 
0, 
0, 
2, 
3, 
1, 
1, 
3, 
0, 
0, 
1, 
1, 
0, 
1, 
0, 
0, 
0, 
2, 
3, 
0, 
1, 
1, 
0, 
0, 
2, 
5, 
2, 
1, 
1, 
2, 
1, 
0, 
0, 
0, 
0, 
1, 
0, 
0, 
0, 
0, 
0, 
1, 
2, 
1, 
1, 
1, 
1, 
1, 
2, 
1, 
2, 
0, 
0, 
0, 
1, 
2, 
0, 
1, 
1, 
2, 
1, 
1, 
0, 
0, 
0, 
1, 
1, 
1, 
1, 
1, 
0, 
0, 
0, 
2, 
0, 
1, 
2, 
0, 
0, 
0, 
0, 
0, 
1, 
0, 
0, 
0, 
0, 
1, 
0, 
1, 
0, 
0, 
0, 
0, 
2, 
0, 
0, 
0, 
1, 
0, 
0, 
0, 
0, 
0, 
2, 
1, 
0, 
0, 
0, 
1, 
0, 
0, 
0, 
0, 
2, 
1, 
1, 
0, 
1, 
0, 
2, 
0, 
0, 
0, 
0, 
1, 
0, 
1, 
0, 
0, 
0, 
0, 
0, 
3, 
1, 
2, 
1, 
1, 
1, 
3, 
0, 
0, 
0, 
1, 
0, 
2, 
0, 
0, 
1, 
1, 
1, 
0, 
1, 
0, 
1, 
0, 
1, 
1, 
2, 
0, 
2, 
1, 
0, 
0, 
0, 
1, 
0, 
0, 
0, 
0, 
2, 
1, 
0, 
0, 
0, 
0, 
3, 
0, 
1, 
0, 
0, 
2, 
0, 
0, 
0, 
1, 
0, 
0, 
0, 
0, 
0, 
1, 
0, 
1, 
0, 
0, 
1, 
0, 
0, 
0, 
2, 
0, 
2, 
0, 
0, 
0, 
2, 
1, 
0, 
0, 
1, 
1, 
1, 
0, 
0, 
2, 
1, 
0, 
1, 
2, 
0, 
0, 
1, 
1, 
0, 
1, 
1, 
0, 
0, 
0, 
0, 
2, 
1, 
1, 
0, 
2, 
0, 
1, 
0, 
0, 
0, 
1, 
0, 
1, 
0, 
1, 
1, 
0, 
0, 
0, 
0, 
0, 
0, 
1, 
1, 
1, 
1, 
1, 
1, 
0, 
1, 
0, 
0, 
0, 
0, 
0, 
0, 
1, 
1, 
0, 
0, 
0, 
1, 
0, 
1, 
1, 
1, 
0, 
0, 
0, 
0, 
0, 
0, 
0, 
0, 
0, 
0, 
0, 
0, 
0, 
0, 
0, 
0, 
1, 
1, 
0, 
0, 
0, 
0, 
0, 
1, 
0, 
0, 
0, 
1, 
1, 
0, 
0, 
0, 
0, 
0, 
1, 
1, 
0, 
0, 
0, 
2, 
1, 
0, 
0, 
1, 
0, 
0, 
0, 
0, 
1, 
0, 
0, 
0, 
0, 
1, 
0, 
0, 
1, 
0, 
1, 
1, 
0, 
0, 
0, 
0, 
0, 
1, 
0, 
0, 
1, 
2, 
0, 
0, 
0, 
0, 
0, 
0, 
0, 
1, 
0, 
1, 
0, 
0, 
1, 
0, 
0, 
0, 
0, 
1, 
0, 
0, 
0, 
2, 
0, 
0, 
0, 
0, 
0, 
0, 
0, 
0, 
0, 
0, 
0, 
0, 
0, 
0, 
1, 
0, 
0, 
0, 
0, 
2, 
0, 
0, 
0, 
1, 
0, 
0, 
2, 
0, 
1, 
0, 
0, 
1, 
1, 
0, 
0, 
0, 
0, 
1, 
0, 
0, 
1, 
0, 
0, 
1, 
0, 
0, 
0, 
1, 
0, 
1, 
0, 
0, 
0, 
0, 
0, 
0, 
0, 
0, 
0, 
0, 
0, 
1, 
0, 
0, 
0, 
0, 
0, 
0, 
0, 
1, 
0, 
0, 
0, 
0, 
0, 
0, 
0, 
1, 
0, 
0, 
0, 
0, 
0, 
0, 
1, 
1, 
0, 
0, 
0, 
0, 
1, 
0, 
0, 
0, 
0, 
0, 
0, 
0, 
0, 
0, 
0, 
0, 
1, 
0, 
0, 
0, 
0, 
0, 
0, 
0, 
0, 
0, 
1, 
0, 
0, 
0, 
0, 
0, 
1, 
0, 
1, 
0, 
0, 
0, 
0, 
0, 
0, 
0, 
0, 
0, 
0, 
0, 
0, 
0, 
0, 
0, 
0, 
0, 
1, 
1, 
0, 
0, 
0, 
0, 
0, 
0, 
0, 
0, 
0, 
0, 
0, 
0, 
0, 
0, 
0, 
0, 
0, 
0, 
0, 
1, 
1, 
0, 
0, 
0, 
0, 
0, 
0, 
0, 
0, 
0, 
0, 
0, 
0, 
0, 
0, 
0, 
1, 
1, 
0, 
0, 
0, 
0, 
0, 
0, 
0, 
0, 
0, 
0, 
0, 
0, 
0, 
0, 
0, 
0, 
0, 
0, 
0, 
0, 
0, 
0, 
1, 
0, 
0, 
0, 
1, 
0, 
1, 
0, 
2, 
1, 
0, 
0, 
1, 
1, 
0, 
0, 
0, 
0, 
0, 
0, 
0, 
0, 
0, 
0, 
0, 
0, 
0, 
0, 
1, 
0, 
0, 
0, 
0, 
0, 
0, 
0, 
0, 
0, 
0, 
0, 
0, 
0, 
0, 
0, 
0, 
1, 
1, 
0, 
0, 
0, 
2, 
0, 
1, 
1, 
0, 
0, 
1, 
0, 
2, 
0, 
0, 
0, 
0, 
0, 
0, 
0, 
0, 
0, 
0, 
1, 
0, 
0, 
0, 
0, 
1, 
0, 
1, 
0, 
0, 
0, 
0, 
0, 
0, 
1, 
1, 
0, 
0, 
0, 
0, 
0, 
0, 
1, 
0, 
1, 
0, 
0, 
0, 
0, 
0, 
0, 
0, 
0, 
1, 
0, 
0, 
0, 
0, 
0, 
0, 
0, 
0, 
0, 
1, 
0, 
0, 
0, 
1, 
0, 
0, 
0, 
0, 
2, 
0, 
0, 
0, 
0, 
1, 
0, 
0, 
0, 
1, 
0, 
0, 
0, 
1, 
0, 
0, 
0, 
0, 
0, 
0, 
0, 
0, 
0, 
1, 
0, 
0, 
0, 
0, 
0, 
0, 
0, 
0, 
0, 
0, 
0, 
0, 
0, 
1, 
0, 
0, 
0, 
0, 
0, 
0, 
0, 
0, 
0, 
0, 
0, 
0, 
0, 
0, 
0, 
0, 
1, 
1, 
1, 
0, 
0, 
0, 
1, 
0, 
0, 
0, 
1, 
1, 
0, 
0, 
2, 
1, 
1, 
0, 
0, 
0, 
0, 
1, 
0, 
0, 
0, 
0, 
0, 
0, 
0, 
0, 
0, 
0, 
0, 
0, 
0, 
0, 
0, 
0, 
0, 
0, 
0, 
0, 
0, 
0, 
2, 
0, 
0, 
0, 
1, 
0, 
0, 
0, 
0, 
0, 
0, 
0, 
1, 
0, 
0, 
0, 
0, 
0, 
2, 
0, 
0, 
0, 
0, 
0, 
0, 
1, 
0, 
0, 
1, 
0, 
1, 
0, 
0, 
0, 
0, 
1, 
1, 
0, 
1, 
0, 
1, 
0, 
1, 
0, 
0, 
1, 
0, 
0, 
1, 
0, 
0, 
0, 
0, 
0, 
1, 
0, 
0, 
0, 
0, 
0, 
0, 
0, 
0, 
0, 
0, 
0, 
1, 
0, 
1, 
0, 
0, 
0, 
0, 
0, 
0, 
0, 
0, 
0, 
0, 
0, 
0, 
0, 
0, 
0, 
0, 
0, 
1, 
0, 
0, 
0, 
0, 
0, 
1, 
0, 
0, 
0, 
0, 
0, 
1, 
0, 
0, 
0, 
0, 
0, 
0, 
0, 
0, 
0, 
0, 
0, 
0, 
0, 
0, 
1, 
0, 
0, 
0, 
0, 
1, 
0, 
0, 
0, 
0, 
1, 
0, 
0, 
0, 
0, 
0, 
0, 
0, 
0, 
0, 
0, 
0, 
0, 
0, 
0, 
0, 
0, 
0, 
0, 
0, 
0, 
0, 
0, 
0, 
0, 
0, 
0, 
0, 
0, 
0, 
0, 
0, 
0, 
0, 
0, 
0, 
0, 
0, 
0, 
0, 
0, 
0, 
0, 
0, 
0, 
0, 
0, 
0, 
0, 
0, 
0, 
0, 
0, 
0, 
0, 
0, 
0, 
0, 
0, 
0, 
0, 
0, 
0, 
0, 
0, 
0, 
0, 
0, 
0, 
0, 
0, 
0, 
0, 
0, 
1, 
0, 
0, 
0, 
0, 
1, 
0, 
0, 
0, 
0, 
0, 
0, 
0, 
0, 
0, 
0, 
0, 
0, 
0, 
0, 
0, 
0, 
0, 
0, 
0, 
0, 
0, 
0, 
0, 
0, 
0, 
0, 
0, 
0, 
0, 
0, 
0, 
0, 
0, 
0, 
0, 
0, 
0, 
0, 
0, 
0, 
0, 
0, 
0, 
0, 
0, 
0, 
0, 
0, 
0, 
0, 
0, 
0, 
0, 
0, 
0, 
0, 
0, 
0, 
0, 
0, 
0, 
0, 
0, 
0, 
0, 
0, 
0, 
0, 
0, 
0, 
0, 
0, 
0, 
0, 
0, 
0, 
0, 
0, 
0, 
0, 
0, 
0, 
0, 
0, 
0, 
0, 
0, 
0, 
0, 
0, 
0, 
0, 
0, 
0, 
0, 
0, 
0, 
0, 
0, 
0, 
0, 
0, 
0, 
0, 
0, 
0, 
0, 
0, 
0, 
0, 
0, 
0, 
0, 
0, 
0, 
0, 
0, 
0, 
0, 
0, 
0, 
0, 
0, 
0, 
0, 
0, 
0, 
0, 
0, 
0, 
0, 
0, 
0, 
0, 
0, 
0, 
0, 
0, 
0, 
0, 
0, 
0, 
0, 
0, 
0, 
0, 
0, 
0, 
0, 
0, 
0, 
0, 
0, 
0, 
0, 
0, 
0, 
0, 
0, 
0, 
0, 
0, 
0, 
0, 
0, 
0, 
0, 
0, 
0, 
0, 
0, 
0, 
0, 
0, 
0, 
0, 
0, 
0, 
0, 
0, 
0, 
0, 
0, 
0, 
0, 
0, 
0, 
0, 
0, 
0, 
0, 
0, 
0, 
0, 
0, 
0, 
0, 
0, 
0, 
0, 
0, 
0, 
0, 
0, 
0, 
0, 
0, 
0, 
0, 
0, 
0, 
0, 
0, 
0, 
0, 
0, 
0, 
0, 
0, 
0, 
0, 
0, 
0, 
0, 
0, 
0, 
0, 
0, 
0, 
0, 
0, 
0, 
0, 
0, 
0, 
0, 
0, 
0, 
0, 
0, 
0, 
0, 
0, 
0, 
0, 
0, 
0, 
0, 
0, 
0, 
0, 
0, 
0, 
0, 
0, 
0, 
0, 
0, 
0, 
0, 
0, 
0, 
0, 
0, 
0, 
0, 
0, 
0, 
0, 
0, 
0, 
0, 
0, 
0, 
0, 
0, 
0, 
0, 
0, 
0, 
0, 
0, 
0, 
0, 
0, 
0, 
0, 
0, 
0, 
0, 
0, 
0, 
0, 
0, 
0, 
0, 
0, 
0, 
0, 
0, 
0, 
0, 
0, 
0, 
0, 
0, 
0, 
0, 
0, 
0, 
0, 
0, 
0, 
0, 
0, 
0, 
0, 
0, 
0, 
0, 
0, 
0, 
0, 
0, 
0, 
0, 
0, 
0, 
0, 
0, 
0, 
0, 
0, 
0, 
0, 
0, 
0, 
0, 
0, 
0, 
0, 
0, 
0, 
0, 
0, 
0, 
0, 
0, 
0, 
0, 
0, 
0, 
0, 
0, 
0, 
0, 
0, 
0, 
0, 
0, 
0, 
0, 
0, 
0, 
0, 
0, 
0, 
0, 
0, 
0, 
0, 
0, 
0, 
0, 
0, 
0, 
0, 
0, 
0, 
0, 
0, 
0, 
0, 
0, 
0, 
0, 
0, 
0, 
0, 
0, 
0, 
0, 
0, 
0, 
0, 
0, 
0, 
0, 
0, 
0, 
0, 
0, 
0, 
0, 
0, 
0, 
0, 
0, 
0, 
0, 
0, 
0, 
0, 
0, 
0, 
0, 
0, 
0, 
0, 
0, 
0, 
0, 
0, 
0, 
0, 
0, 
0, 
0, 
0, 
0, 
0, 
0, 
0, 
0, 
0, 
0, 
0, 
0, 
0, 
0, 
0, 
0, 
0, 
0, 
0, 
0, 
0, 
0, 
0, 
0, 
0, 
0, 
0, 
0, 
0, 
0, 
0, 
0, 
0, 
0, 
0, 
0, 
0, 
0, 
0, 
0, 
0, 
0, 
0, 
0, 
0, 
0, 
0, 
0, 
0, 
0, 
0, 
0, 
0, 
0, 
0, 
0, 
0, 
0, 
0, 
0, 
0, 
0, 
0, 
0, 
0, 
0, 
0, 
0, 
0, 
0, 
0, 
0, 
0, 
0, 
0, 
0, 
0, 
0, 
0, 
0, 
0, 
0, 
0, 
0, 
0, 
0, 
0, 
0, 
0, 
0, 
0, 
0, 
0, 
0, 
0, 
0, 
0, 
0, 
0, 
0, 
0, 
0, 
0, 
0, 
0, 
0, 
0, 
0, 
0, 
0, 
0, 
0, 
0, 
0, 
0, 
0, 
0, 
0, 
0, 
0, 
0, 
0, 
0, 
0, 
0, 
0, 
0, 
0, 
0, 
0, 
0, 
0, 
0, 
0, 
0, 
0, 
0, 
0, 
0, 
0, 
0, 
0, 
0, 
0, 
0, 
0, 
0, 
0, 
0, 
0, 
0, 
0, 
0, 
0, 
0, 
0, 
0, 
0, 
0, 
0, 
0, 
0, 
0, 
0, 
0, 
0, 
0, 
0, 
0, 
0, 
0, 
0, 
0, 
0, 
0, 
0, 
0, 
0, 
0, 
0, 
0, 
0, 
0, 
0, 
0, 
0, 
0, 
0, 
0, 
0, 
0, 
0, 
0, 
0, 
0, 
0, 
0, 
0, 
0, 
0, 
0, 
0, 
0, 
0, 
0, 
0, 
0, 
0, 
0, 
0, 
0, 
0, 
0, 
0, 
0, 
0, 
0, 
0, 
0, 
0, 
0, 
0, 
0, 
0, 
0, 
0, 
0, 
0, 
0, 
0, 
0, 
0, 
0, 
0, 
0, 
0, 
0, 
0, 
0, 
0, 
0, 
0, 
0, 
0, 
0, 
0, 
0, 
0, 
0, 
0, 
0, 
0, 
0, 
0, 
0, 
0, 
0, 
0, 
0, 
0, 
0, 
0, 
0, 
0, 
0, 
0, 
0, 
0, 
0, 
0, 
0, 
0, 
0, 
0, 
0, 
0, 
0, 
0, 
0, 
0, 
0, 
0, 
0, 
0, 
0, 
0, 
0, 
0, 
0, 
0, 
0, 
0, 
0, 
0, 
0, 
0, 
0, 
0, 
0, 
0, 
0, 
0, 
0, 
0, 
0, 
0, 
0, 
0, 
0, 
0, 
0, 
0, 
0, 
0, 
0, 
0, 
0, 
0, 
0, 
0, 
0, 
0, 
0, 
0, 
0, 
0, 
0, 
0, 
0, 
0, 
0, 
0, 
0, 
0, 
0, 
0, 
0, 
0, 
0, 
0, 
0, 
0, 
0, 
0, 
0, 
0, 
0, 
0, 
0, 
0, 
0, 
0, 
0, 
0, 
0, 
0, 
0, 
0, 
0, 
0, 
0, 
0, 
0, 
0, 
0, 
0, 
0, 
0, 
0, 
0, 
0, 
0, 
0, 
0, 
0, 
0, 
0, 
0, 
0, 
0, 
0, 
0, 
0, 
0, 
0, 
0, 
0, 
0, 
0, 
0, 
0, 
0, 
0, 
0, 
0, 
0, 
0, 
0, 
0, 
0, 
0, 
0, 
0, 
0, 
0, 
0, 
0, 
0, 
0, 
0, 
0, 
0, 
0, 
0, 
0, 
0, 
0, 
0, 
0, 
0, 
0, 
0, 
0, 
0, 
0, 
0, 
0, 
0, 
0, 
0, 
0, 
0, 
0, 
0, 
0, 
0, 
0, 
0, 
0, 
0, 
0, 
0, 
0, 
0, 
0, 
0, 
0, 
0, 
0, 
0, 
0, 
0, 
0, 
0, 
0, 
0, 
0, 
0, 
0, 
0, 
0, 
0, 
0, 
0, 
0, 
0, 
0, 
0, 
0, 
0, 
0, 
0, 
0, 
0, 
0, 
0, 
0, 
0, 
0, 
0, 
0, 
0, 
0, 
0, 
0, 
0, 
0, 
0, 
0, 
0, 
0, 
0, 
0, 
0, 
0, 
0, 
0, 
0, 
0, 
0, 
0, 
0, 
0, 
0, 
0, 
0, 
0, 
0, 
0, 
0, 
0, 
0, 
0, 
0, 
0, 
0, 
0, 
0, 
0, 
0, 
0, 
0, 
0, 
0, 
0, 
0, 
0, 
0, 
0, 
0, 
0, 
0, 
0, 
0, 
0, 
0, 
0, 
0, 
0, 
0, 
0, 
0, 
0, 
0, 
0, 
0, 
0, 
0, 
0, 
0, 
0, 
0, 
0, 
0, 
0, 
0, 
0, 
0, 
0, 
0, 
0, 
0, 
0, 
0, 
0, 
0, 
0, 
0, 
0, 
0, 
0, 
0, 
0, 
0, 
0, 
0, 
0, 
0, 
0, 
0, 
0, 
0, 
0, 
0, 
0, 
0, 
0, 
0, 
0, 
0, 
0, 
0, 
0, 
0, 
0, 
0, 
0, 
0, 
0, 
0, 
0, 
0, 
0, 
0, 
0, 
0, 
0, 
0, 
0, 
0, 
0, 
0, 
0, 
0, 
0, 
0, 
0, 
0, 
0, 
0, 
0, 
0, 
0, 
0, 
0, 
0, 
0, 
0, 
0, 
0, 
0, 
0, 
0, 
0, 
0, 
0, 
0, 
0, 
0, 
0, 
0, 
0, 
0, 
0, 
0, 
0, 
0, 
0, 
0, 
0, 
0, 
0, 
0, 
0, 
0, 
0, 
0, 
0, 
0, 
0, 
0, 
0, 
0, 
0, 
0, 
0, 
0, 
0, 
0, 
0, 
0, 
0, 
0, 
0, 
0, 
0, 
0, 
0, 
0, 
0, 
0, 
0, 
0, 
0, 
0, 
0, 
0, 
0, 
0, 
0, 
0, 
0, 
0, 
0, 
0, 
0, 
0, 
0, 
0, 
0, 
0, 
0, 
0, 
0, 
0, 
0, 
0, 
0, 
0, 
0, 
0, 
0, 
0, 
0, 
0, 
0, 
0, 
0, 
0, 
0, 
0, 
0, 
0, 
0, 
0, 
0, 
0, 
0, 
0, 
0, 
0, 
0, 
0, 
0, 
0, 
0, 
0, 
0, 
0, 
0, 
0, 
0, 
0, 
0, 
0, 
0, 
0, 
0, 
0, 
0, 
0, 
0, 
0, 
0, 
0, 
0, 
0, 
0, 
0, 
0, 
0, 
0, 
0, 
0, 
0, 
0, 
0, 
0, 
0, 
0, 
0, 
0, 
0, 
0, 
0, 
0, 
0, 
0, 
0, 
0, 
0, 
0, 
0, 
0, 
0, 
0, 
0, 
0, 
0, 
0, 
0, 
0, 
0, 
0, 
0, 
0, 
0, 
0, 
0, 
0, 
0, 
0, 
0, 
0, 
0, 
0, 
0, 
0, 
0, 
0, 
0, 
0, 
0, 
0, 
0, 
0, 
0, 
0, 
0, 
0, 
0, 
0, 
0, 
0, 
0, 
0, 
0, 
0, 
0, 
0, 
0, 
0, 
0, 
0, 
0, 
0, 
0, 
0, 
0, 
0, 
0, 
0, 
0, 
0, 
0, 
0, 
0, 
0, 
0, 
0, 
0, 
0, 
0, 
0, 
0, 
0, 
0, 
0, 
0, 
0, 
0, 
0, 
0, 
0, 
0, 
0, 
0, 
0, 
0, 
0, 
0, 
0, 
0, 
0, 
0, 
0, 
0, 
0, 
0, 
0, 
0, 
0, 
0, 
0, 
0, 
0, 
0, 
0, 
0, 
0, 
0, 
0, 
0, 
0, 
0, 
0, 
0, 
0, 
0, 
0, 
0, 
0, 
0, 
0, 
0, 
0, 
0, 
0, 
0, 
0, 
0, 
0, 
0, 
0, 
0, 
0, 
0, 
0, 
0, 
0, 
0, 
0, 
0, 
0, 
0, 
0, 
0, 
0, 
0, 
0, 
0, 
0, 
0, 
0, 
0, 
0, 
0, 
0, 
0, 
0, 
0, 
0, 
0, 
0, 
0, 
0, 
0, 
0, 
0, 
0, 
0, 
0, 
0, 
0, 
0, 
0, 
0, 
0, 
0, 
0, 
0, 
0, 
0, 
0, 
0, 
0, 
0, 
0, 
0, 
0, 
0, 
0, 
0, 
0, 
0, 
0, 
0, 
0, 
0, 
0, 
0, 
0, 
0, 
0, 
0, 
0, 
0, 
0, 
0, 
0, 
0, 
0, 
0, 
0, 
0, 
0, 
0, 
0, 
0, 
0, 
0, 
0, 
0, 
0, 
0, 
0, 
0, 
0, 
0, 
0, 
0, 
0, 
0, 
0, 
0, 
0, 
0, 
0, 
0, 
0, 
0, 
0, 
0, 
0, 
0, 
0, 
0, 
0, 
0, 
0, 
0, 
0, 
0, 
0, 
0, 
0, 
0, 
0, 
0, 
0, 
0, 
0, 
0, 
0, 
0, 
0, 
0, 
0, 
0, 
0, 
0, 
0, 
0, 
0, 
0, 
0, 
0, 
0, 
0, 
0, 
0, 
0, 
0, 
0, 
0, 
0, 
0, 
0, 
0, 
0, 
0, 
0, 
0, 
0, 
0, 
0, 
0, 
0, 
0, 
0, 
0, 
0, 
0, 
0, 
0, 
0, 
0, 
0, 
0, 
0, 
0, 
0, 
0, 
0, 
0, 
0, 
0, 
0, 
0, 
0, 
0, 
0, 
0, 
0, 
0, 
0, 
0, 
0, 
0, 
0, 
0, 
0, 
0, 
0, 
0, 
0, 
0, 
0, 
0, 
0, 
0, 
0, 
0, 
0, 
0, 
0, 
0, 
0, 
0, 
0, 
0, 
0, 
0, 
0, 
0, 
0, 
0, 
0, 
0, 
0, 
0, 
0, 
0, 
0, 
0, 
0, 
0, 
0, 
0, 
0, 
0, 
0, 
0, 
0, 
0, 
0, 
0, 
0, 
0, 
0, 
0, 
0, 
0, 
0, 
0, 
0, 
0, 
0, 
0, 
0, 
0, 
0, 
0, 
0, 
0, 
0, 
0, 
0, 
0, 
0, 
0, 
0, 
0, 
0, 
0, 
0, 
0, 
0, 
0, 
0, 
0, 
0, 
0, 
0, 
0, 
0, 
0, 
0, 
0, 
0, 
0, 
0, 
0, 
0, 
0, 
0, 
0, 
0, 
0, 
0, 
0, 
0, 
0, 
0, 
0, 
0, 
0, 
0, 
0, 
0, 
0, 
0, 
0, 
0, 
0, 
0, 
0, 
0, 
0, 
0, 
0, 
0, 
0, 
0, 
0, 
0, 
0, 
0, 
0, 
0, 
0, 
0, 
0, 
0, 
0, 
0, 
0, 
0, 
0, 
0, 
0, 
0, 
0, 
0, 
0, 
0, 
0, 
0, 
0, 
0, 
0, 
0, 
0, 
0, 
0, 
0, 
0, 
0, 
0, 
0, 
0, 
0, 
0, 
0, 
0, 
0, 
0, 
0, 
0, 
0, 
0, 
0, 
0, 
0, 
0, 
0, 
0, 
0, 
0, 
0, 
0, 
0, 
0, 
0, 
0, 
0, 
0, 
0, 
0, 
0, 
0, 
0, 
0, 
0, 
0, 
0, 
0, 
0, 
0, 
0, 
0, 
0, 
0, 
0, 
0, 
0, 
0, 
0, 
0, 
0, 
0, 
0, 
0, 
0, 
0, 
0, 
0, 
0, 
0, 
0, 
0, 
0, 
0, 
0, 
0, 
0, 
0, 
0, 
0, 
0, 
0, 
0, 
0, 
0, 
0, 
0, 
0, 
0, 
0, 
0, 
0, 
0, 
0, 
0, 
0, 
0, 
0, 
0, 
0, 
0, 
0, 
0, 
0, 
0, 
0, 
0, 
0, 
0, 
0, 
0, 
0, 
0, 
0, 
0, 
0, 
0, 
0, 
0, 
0, 
0, 
0, 
0, 
0, 
0, 
0, 
0, 
0, 
0, 
0, 
0, 
0, 
0, 
0, 
0, 
0, 
0, 
0, 
0, 
0, 
0, 
0, 
0, 
0, 
0, 
0, 
0, 
0, 
0, 
0, 
0, 
0, 
0, 
0, 
0, 
0, 
0, 
0, 
0, 
0, 
0, 
0, 
0, 
0, 
0, 
0, 
0, 
0, 
0, 
0, 
0, 
0, 
0, 
0, 
0, 
0, 
0, 
0, 
0, 
0, 
0, 
0, 
0, 
0, 
0, 
0, 
0, 
0, 
0, 
0, 
0, 
0, 
0, 
0, 
0, 
0, 
0, 
0, 
0, 
0, 
0, 
0, 
0, 
0, 
0, 
0, 
0, 
0, 
0, 
0, 
0, 
0, 
0, 
0, 
0, 
0, 
0, 
0, 
0, 
0, 
0, 
0, 
0, 
0, 
0, 
0, 
0, 
0, 
0, 
0, 
0, 
0, 
0, 
0, 
0, 
0, 
0, 
0, 
0, 
0, 
0, 
0, 
0, 
0, 
0, 
0, 
0, 
0, 
0, 
0, 
0, 
0, 
0, 
0, 
0, 
0, 
0, 
0, 
0, 
0, 
